{
	"info": {
		"_postman_id": "93c40548-ab0c-49d0-add1-6d33145e1d70",
		"name": "DACK_N7_LM1",
		"schema": "https://schema.getpostman.com/json/collection/v2.1.0/collection.json",
		"_exporter_id": "25634847"
	},
	"item": [
		{
			"name": "Register and Login",
			"item": [
				{
					"name": "Register",
					"event": [
						{
							"listen": "test",
							"script": {
								"exec": [
									"var res = pm.response.json();\r",
									"\r",
									"var username = res.data.name;\r",
									"var email = res.data.email;\r",
									"var password = res.data.password;\r",
									"var phone = res.data.phone;\r",
									"\r",
									"pm.collectionVariables.set(\"username\", username);\r",
									"pm.collectionVariables.set(\"email\", email);\r",
									"pm.collectionVariables.set(\"phone\", phone);\r",
									"pm.collectionVariables.set(\"password\", password);"
								],
								"type": "text/javascript"
							}
						}
					],
					"request": {
						"method": "POST",
						"header": [],
						"body": {
							"mode": "raw",
							"raw": "{\r\n    \"name\" : \"{{$randomFullName}}\",\r\n    \"email\" : \"{{$randomEmail}}\",\r\n    \"phone\" : \"{{$randomPhoneNumber}}\",\r\n    \"password\" : \"{{$randomPassword}}\"\r\n}",
							"options": {
								"raw": {
									"language": "json"
								}
							}
						},
						"url": {
							"raw": "{{url}}/register",
							"host": [
								"{{url}}"
							],
							"path": [
								"register"
							]
						}
					},
					"response": []
				},
				{
					"name": "Register with exist email",
					"event": [
						{
							"listen": "test",
							"script": {
								"exec": [
									""
								],
								"type": "text/javascript"
							}
						}
					],
					"request": {
						"method": "POST",
						"header": [],
						"body": {
							"mode": "raw",
							"raw": "{\r\n    \"name\" : \"admin\",\r\n    \"email\" : \"admin@gmail.com\",\r\n    \"phone\" : \"123456789\",\r\n    \"password\" : \"123qwe\"\r\n}",
							"options": {
								"raw": {
									"language": "json"
								}
							}
						},
						"url": {
							"raw": "{{url}}/register",
							"host": [
								"{{url}}"
							],
							"path": [
								"register"
							]
						}
					},
					"response": []
				},
				{
					"name": "Login",
					"event": [
						{
							"listen": "test",
							"script": {
								"exec": [
									"pm.collectionVariables.set(\"access_token\", pm.response.json().data.access_token);"
								],
								"type": "text/javascript"
							}
						}
					],
					"request": {
						"method": "POST",
						"header": [],
						"body": {
							"mode": "raw",
							"raw": "{\r\n    \"email\" : \"{{email}}\",\r\n    \"password\" : \"{{password}}\"\r\n}",
							"options": {
								"raw": {
									"language": "json"
								}
							}
						},
						"url": {
							"raw": "{{url}}/login",
							"host": [
								"{{url}}"
							],
							"path": [
								"login"
							]
						}
					},
					"response": []
				},
				{
					"name": "Login with wrong email",
					"event": [
						{
							"listen": "test",
							"script": {
								"exec": [
									""
								],
								"type": "text/javascript"
							}
						}
					],
					"request": {
						"method": "POST",
						"header": [],
						"body": {
							"mode": "raw",
							"raw": "{\r\n    \"email\" : \"wrongemail.com\",\r\n    \"password\" : \"123qwe\"\r\n}",
							"options": {
								"raw": {
									"language": "json"
								}
							}
						},
						"url": {
							"raw": "{{url}}/login",
							"host": [
								"{{url}}"
							],
							"path": [
								"login"
							]
						}
					},
					"response": []
				},
				{
					"name": "List of users",
					"request": {
						"auth": {
							"type": "bearer",
							"bearer": [
								{
									"key": "token",
									"value": "{{access_token}}",
									"type": "string"
								}
							]
						},
						"method": "GET",
						"header": [],
						"url": {
							"raw": "{{url}}/auth/users",
							"host": [
								"{{url}}"
							],
							"path": [
								"auth",
								"users"
							]
						}
					},
					"response": []
				},
				{
					"name": "Find user by email",
					"request": {
						"auth": {
							"type": "bearer",
							"bearer": [
								{
									"key": "token",
									"value": "{{access_token}}",
									"type": "string"
								}
							]
						},
						"method": "GET",
						"header": [],
						"url": {
							"raw": "{{url}}/auth/users/:email",
							"host": [
								"{{url}}"
							],
							"path": [
								"auth",
								"users",
								":email"
							],
							"variable": [
								{
									"key": "email",
									"value": "{{email}}"
								}
							]
						}
					},
					"response": []
				},
				{
					"name": "Find user by phone",
					"request": {
						"auth": {
							"type": "bearer",
							"bearer": [
								{
									"key": "token",
									"value": "{{access_token}}",
									"type": "string"
								}
							]
						},
						"method": "GET",
						"header": [],
						"url": {
							"raw": "{{url}}/auth/users/:phone",
							"host": [
								"{{url}}"
							],
							"path": [
								"auth",
								"users",
								":phone"
							],
							"variable": [
								{
									"key": "phone",
									"value": "{{phone}}"
								}
							]
						}
					},
					"response": []
				},
				{
					"name": "Update user",
					"event": [
						{
							"listen": "test",
							"script": {
								"exec": [
									"var res = pm.response.json();\r",
									"\r",
									"var username = res.data.user.name;\r",
									"var email = res.data.user.email;\r",
									"var password = res.data.user.password;\r",
									"var phone = res.data.user.phone;\r",
									"\r",
									"pm.collectionVariables.set(\"username\", username);\r",
									"pm.collectionVariables.set(\"email\", email);\r",
									"pm.collectionVariables.set(\"phone\", phone);\r",
									"pm.collectionVariables.set(\"password\", password);"
								],
								"type": "text/javascript"
							}
						}
					],
					"request": {
						"auth": {
							"type": "bearer",
							"bearer": [
								{
									"key": "token",
									"value": "{{access_token}}",
									"type": "string"
								}
							]
						},
						"method": "PATCH",
						"header": [],
						"body": {
							"mode": "raw",
							"raw": "{\r\n    \"newEmail\" : \"{{$randomEmail}}\",\r\n    \"newPhone\" : \"{{$randomPhoneNumber}}\", \r\n    \"newPassword\" : \"{{$randomPassword}}\"\r\n}",
							"options": {
								"raw": {
									"language": "json"
								}
							}
						},
						"url": {
							"raw": "{{url}}/auth/users/:email",
							"host": [
								"{{url}}"
							],
							"path": [
								"auth",
								"users",
								":email"
							],
							"variable": [
								{
									"key": "email",
									"value": "{{email}}"
								}
							]
						}
					},
					"response": []
				},
				{
					"name": "Delete user by email",
					"request": {
						"auth": {
							"type": "bearer",
							"bearer": [
								{
									"key": "token",
									"value": "{{access_token}}",
									"type": "string"
								}
							]
						},
						"method": "DELETE",
						"header": [],
						"url": {
							"raw": "{{url}}/auth/users/:email",
							"host": [
								"{{url}}"
							],
							"path": [
								"auth",
								"users",
								":email"
							],
							"variable": [
								{
									"key": "email",
									"value": "{{email}}"
								}
							]
						}
					},
					"response": []
				},
				{
					"name": "Delete user by phone",
					"request": {
						"auth": {
							"type": "bearer",
							"bearer": [
								{
									"key": "token",
									"value": "{{access_token}}",
									"type": "string"
								}
							]
						},
						"method": "DELETE",
						"header": [],
						"url": {
							"raw": "{{url}}/auth/users/:phone",
							"host": [
								"{{url}}"
							],
							"path": [
								"auth",
								"users",
								":phone"
							],
							"variable": [
								{
									"key": "phone",
									"value": "{{phone}}"
								}
							]
						}
					},
					"response": []
				}
			]
		},
		{
			"name": "San Pham",
			"item": [
				{
					"name": "List of all Sanpham category",
					"request": {
						"auth": {
							"type": "bearer",
							"bearer": [
								{
									"key": "token",
									"value": "{{access_token}}",
									"type": "string"
								}
							]
						},
						"method": "GET",
						"header": [],
						"url": {
							"raw": "{{url}}/auth/sanpham",
							"host": [
								"{{url}}"
							],
							"path": [
								"auth",
								"sanpham"
							]
						}
					},
					"response": []
				},
				{
					"name": "GET single category",
					"request": {
						"auth": {
							"type": "bearer",
							"bearer": [
								{
									"key": "token",
									"value": "{{access_token}}",
									"type": "string"
								}
							]
						},
						"method": "GET",
						"header": [],
						"url": {
							"raw": "{{url}}/auth/sanpham/:category",
							"host": [
								"{{url}}"
							],
							"path": [
								"auth",
								"sanpham",
								":category"
							],
							"variable": [
								{
									"key": "category",
									"value": "VỢT CẦU LÔNG"
								}
							]
						}
					},
					"response": []
				},
				{
					"name": "GET single category child",
					"request": {
						"auth": {
							"type": "bearer",
							"bearer": [
								{
									"key": "token",
									"value": "{{access_token}}",
									"type": "string"
								}
							]
						},
						"method": "GET",
						"header": [],
						"url": {
							"raw": "{{url}}/auth/sanpham/category/:name",
							"host": [
								"{{url}}"
							],
							"path": [
								"auth",
								"sanpham",
								"category",
								":name"
							],
							"variable": [
								{
									"key": "name",
									"value": "Vợt cầu lông Yonex"
								}
							]
						}
					},
					"response": []
				},
				{
					"name": "GET single product",
					"request": {
						"auth": {
							"type": "bearer",
							"bearer": [
								{
									"key": "token",
									"value": "{{access_token}}",
									"type": "string"
								}
							]
						},
						"method": "GET",
						"header": [],
						"url": {
							"raw": "{{url}}/auth/sanpham/product/:name",
							"host": [
								"{{url}}"
							],
							"path": [
								"auth",
								"sanpham",
								"product",
								":name"
							],
							"variable": [
								{
									"key": "name",
									"value": "Vợt Cầu Lông Yonex NanoFlare 700 Cyan (Mã JP)"
								}
							]
						}
					},
					"response": []
				}
			]
		},
		{
			"name": "Order",
			"item": [
				{
					"name": "Order a product",
					"event": [
						{
							"listen": "test",
							"script": {
								"exec": [
									"pm.collectionVariables.set(\"orderId\", pm.response.json().data.id);"
								],
								"type": "text/javascript"
							}
						}
					],
					"request": {
						"auth": {
							"type": "bearer",
							"bearer": [
								{
									"key": "token",
									"value": "{{access_token}}",
									"type": "string"
								}
							]
						},
						"method": "POST",
						"header": [],
						"body": {
							"mode": "raw",
							"raw": "{\r\n    \"productId\" : 0,\r\n    \"customerName\" : \"{{$randomFullName}}\",\r\n    \"email\" : \"{{email}}\",\r\n    \"soluong\" : 1\r\n}",
							"options": {
								"raw": {
									"language": "json"
								}
							}
						},
						"url": {
							"raw": "{{url}}/auth/orders",
							"host": [
								"{{url}}"
							],
							"path": [
								"auth",
								"orders"
							]
						}
					},
					"response": []
				},
				{
					"name": "Order a product false",
					"request": {
						"auth": {
							"type": "bearer",
							"bearer": [
								{
									"key": "token",
									"value": "{{access_token}}",
									"type": "string"
								}
							]
						},
						"method": "POST",
						"header": [],
						"body": {
							"mode": "raw",
							"raw": "{\r\n    \"productId\" : 1000,\r\n    \"customerName\" : \"{{$randomFullName}}\",\r\n    \"email\" : \"{{email}}\",\r\n    \"soluong\" : 2\r\n}",
							"options": {
								"raw": {
									"language": "json"
								}
							}
						},
						"url": {
							"raw": "{{url}}/auth/orders",
							"host": [
								"{{url}}"
							],
							"path": [
								"auth",
								"orders"
							]
						}
					},
					"response": []
				},
				{
					"name": "Get all Orders",
					"request": {
						"auth": {
							"type": "bearer",
							"bearer": [
								{
									"key": "token",
									"value": "{{access_token}}",
									"type": "string"
								}
							]
						},
						"method": "GET",
						"header": [],
						"url": {
							"raw": "{{url}}/auth/orders",
							"host": [
								"{{url}}"
							],
							"path": [
								"auth",
								"orders"
							]
						}
					},
					"response": []
				},
				{
					"name": "API Get an Order",
					"request": {
						"auth": {
							"type": "bearer",
							"bearer": [
								{
									"key": "token",
									"value": "{{access_token}}",
									"type": "string"
								}
							]
						},
						"method": "GET",
						"header": [],
						"url": {
							"raw": "{{url}}/auth/orders/:id",
							"host": [
								"{{url}}"
							],
							"path": [
								"auth",
								"orders",
								":id"
							],
							"variable": [
								{
									"key": "id",
									"value": "2"
								}
							]
						}
					},
					"response": []
				},
				{
					"name": "Update Order",
					"request": {
						"auth": {
							"type": "bearer",
							"bearer": [
								{
									"key": "token",
									"value": "{{access_token}}",
									"type": "string"
								}
							]
						},
						"method": "PATCH",
						"header": [],
						"body": {
							"mode": "raw",
							"raw": "{\r\n    \"customerName\" : \"Kira Yoshikage\"\r\n}",
							"options": {
								"raw": {
									"language": "json"
								}
							}
						},
						"url": {
							"raw": "{{url}}/auth/orders/:id",
							"host": [
								"{{url}}"
							],
							"path": [
								"auth",
								"orders",
								":id"
							],
							"variable": [
								{
									"key": "id",
									"value": "{{orderId}}"
								}
							]
						}
					},
					"response": []
				},
				{
					"name": "Delete Order Copy",
					"request": {
						"auth": {
							"type": "bearer",
							"bearer": [
								{
									"key": "token",
									"value": "{{access_token}}",
									"type": "string"
								}
							]
						},
						"method": "DELETE",
						"header": [],
						"url": {
							"raw": "{{url}}/auth/orders/:id",
							"host": [
								"{{url}}"
							],
							"path": [
								"auth",
								"orders",
								":id"
							],
							"variable": [
								{
									"key": "id",
									"value": "{{orderId}}"
								}
							]
						}
					},
					"response": []
				}
			]
		},
		{
			"name": "Sale Off",
			"item": [
				{
					"name": "GET sale off list",
					"request": {
						"auth": {
							"type": "bearer",
							"bearer": [
								{
									"key": "token",
									"value": "{{access_token}}",
									"type": "string"
								}
							]
						},
						"method": "GET",
						"header": [],
						"url": {
							"raw": "{{url}}/auth/saleoff",
							"host": [
								"{{url}}"
							],
							"path": [
								"auth",
								"saleoff"
							]
						}
					},
					"response": []
				},
				{
					"name": "GET on sale products by search values",
					"request": {
						"auth": {
							"type": "bearer",
							"bearer": [
								{
									"key": "token",
									"value": "{{access_token}}",
									"type": "string"
								}
							]
						},
						"method": "POST",
						"header": [],
						"body": {
							"mode": "raw",
							"raw": "{\r\n    \"name\" : \"\",\r\n    \"gia\" : \"800000\",\r\n    \"sale\" : \"50%\",\r\n    \"category\" : \"\"\r\n}",
							"options": {
								"raw": {
									"language": "json"
								}
							}
						},
						"url": {
							"raw": "{{url}}/auth/saleoff",
							"host": [
								"{{url}}"
							],
							"path": [
								"auth",
								"saleoff"
							]
						}
					},
					"response": []
				}
			]
		}
	],
	"event": [
		{
			"listen": "prerequest",
			"script": {
				"type": "text/javascript",
				"exec": [
					""
				]
			}
		},
		{
			"listen": "test",
			"script": {
				"type": "text/javascript",
				"exec": [
					""
				]
			}
		}
	],
	"variable": [
		{
			"key": "url",
			"value": "http://localhost:3000"
		},
		{
			"key": "username",
			"value": ""
		},
		{
			"key": "email",
			"value": ""
		},
		{
			"key": "password",
			"value": ""
		},
		{
			"key": "access_token",
			"value": ""
		},
		{
			"key": "phone",
			"value": ""
		},
		{
			"key": "orderId",
			"value": ""
		}
	]
}