{"users":[{"id":0,"name":"admin","email":"admin@gmail.com","phone":"123456789","password":"admin123"},{"id":2,"name":"new user","email":"newuser@gmail.com","phone":"123321123","password":"123qwe"},{"id":3,"name":"Gretchen Bauch V","email":"Joshua.Jacobson85@gmail.com","phone":"279-699-8147","password":"JjPZVhbHmg6uwBI"},{"id":4,"name":"Leland Daugherty","email":"Rosetta.Beahan@yahoo.com","phone":"873-737-3126","password":"RBvHJf344Zl65o5"},{"id":5,"name":"Bennie Frami DVM","email":"Catherine.Hyatt@hotmail.com","phone":"759-467-3498","password":"fr6bNw0i9g87H3y"},{"id":6,"name":"Erick Franecki","email":"Waino.Larkin@gmail.com","phone":"421-793-9493","password":"_jup0sBqKDxRheL"}],"sanpham":[{"id":0,"name":"Vợt Cầu Lông Yonex NanoFlare 700 Cyan (Mã JP)","gia":3800000,"category":"Vợt cầu lông Yonex","soluong":100},{"id":1,"name":"Vợt Cầu Lông Yonex Astrox Nextage (Mã KR)","gia":2990000,"category":"Vợt cầu lông Yonex","soluong":100},{"id":2,"name":"Vợt Cầu Lông Yonex Astrox Nextage (Nội Địa Trung)","gia":3190000,"category":"Vợt cầu lông Yonex","soluong":100},{"id":3,"name":"Vợt Cầu Lông Yonex Astrox 88S Pro CH - Nội Địa Trung Limited","gia":1290000,"category":"Vợt cầu lông Yonex","soluong":100},{"id":4,"name":"Vợt Cầu Lông Yonex Astrox Nextage Chính Hãng","gia":1090000,"category":"Vợt cầu lông Yonex","soluong":100},{"id":5,"name":"Vợt Cầu Lông Victor NanoFlare 700 Cyan (Mã JP)","gia":3800000,"category":"Vợt cầu lông Victor","soluong":100},{"id":6,"name":"Vợt Cầu Lông Victor Astrox Nextage (Mã KR)","gia":2990000,"category":"Vợt cầu lông Victor","soluong":100},{"id":7,"name":"Vợt Cầu Lông Victor Astrox Nextage (Nội Địa Trung)","gia":3190000,"category":"Vợt cầu lông Victor","soluong":100},{"id":8,"name":"Vợt Cầu Lông Victor Astrox 88S Pro CH - Nội Địa Trung Limited","gia":1290000,"category":"Vợt cầu lông Victor","soluong":100},{"id":9,"name":"Vợt Cầu Lông Victor Astrox Nextage Chính Hãng","gia":1090000,"category":"Vợt cầu lông Victor","soluong":100},{"id":10,"name":"Vợt Cầu Lông Linning NanoFlare 700 Cyan (Mã JP)","gia":3800000,"category":"Vợt cầu lông Linning","soluong":100},{"id":11,"name":"Vợt Cầu Lông Linning Astrox Nextage (Mã KR)","gia":2990000,"category":"Vợt cầu lông Linning","soluong":100},{"id":12,"name":"Vợt Cầu Lông Linning Astrox Nextage (Nội Địa Trung)","gia":3190000,"category":"Vợt cầu lông Linning","soluong":100},{"id":13,"name":"Vợt Cầu Lông Linning Astrox 88S Pro CH - Nội Địa Trung Limited","gia":1290000,"category":"Vợt cầu lông Linning","soluong":100},{"id":14,"name":"Vợt Cầu Lông Linning Astrox Nextage Chính Hãng","gia":1090000,"category":"Vợt cầu lông Linning","soluong":100}],"category":[{"id":0,"name":"VỢT CẦU LÔNG","children":[{"id":0,"child_category":"Vợt cầu lông Yonex"},{"id":1,"child_category":"Vợt cầu lông Victor"},{"id":2,"child_category":"Vợt cầu lông Linning"},{"id":3,"child_category":"Vợt Cầu Lông Mizuno"},{"id":4,"child_category":"Vợt cầu lông Apacs"},{"id":5,"child_category":"Vợt Cầu Lông VNB"},{"id":6,"child_category":"Vợt cầu lông Proace"},{"id":7,"child_category":"Vợt cầu lông Forza"},{"id":8,"child_category":"Vợt Cầu Lông FlyPower"},{"id":9,"child_category":"Vợt Cầu Lông Tenway"}]},{"id":1,"name":"GIÀY CẦU LÔNG","children":[{"id":0,"child_category":"Giày cầu lông Yonex"},{"id":1,"child_category":"Giày cầu lông Victor"},{"id":2,"child_category":"Giày cầu lông Linning"},{"id":3,"child_category":"Giày cầu lông Kawasaki"},{"id":4,"child_category":"Giày Cầu Lông Mizuno"},{"id":5,"child_category":"Giày Cầu Lông Kumpoo"},{"id":6,"child_category":"Giày Cầu Lông Promax"},{"id":7,"child_category":"Giày cầu lông Babolat"},{"id":8,"child_category":"Giày Cầu Lông Sunbatta"},{"id":9,"child_category":"Giày cầu lông Apacs"}]},{"id":2,"name":"ÁO CẦU LÔNG","children":[{"id":0,"child_category":"Áo cầu lông Yonex"},{"id":1,"child_category":"Áo cầu lông VNB"},{"id":2,"child_category":"Áo cầu lông Kamito"},{"id":3,"child_category":"Áo cầu lông Victor"},{"id":4,"child_category":"Áo cầu lông Lining"},{"id":5,"child_category":"Áo cầu lông DonexPro"},{"id":6,"child_category":"Áo Cầu Lông Alien Armour"},{"id":7,"child_category":"Áo thể thao SFD"},{"id":8,"child_category":"Áo cầu lông Kawasaki"},{"id":9,"child_category":"Áo thể thao Pebble Beach"}]},{"id":3,"name":"VÁY CẦU LÔNG","children":[{"id":0,"child_category":"Váy cầu lông Yonex"},{"id":1,"child_category":"Váy cầu lông Victec"},{"id":2,"child_category":"Váy cầu lông Lining"},{"id":3,"child_category":"Váy cầu lông Donex Pro"}]},{"id":4,"name":"QUẦN CẦU LÔNG","children":[{"id":0,"child_category":"Quần cầu lông Yonex"},{"id":1,"child_category":"Quần cầu lông Victor"},{"id":2,"child_category":"Quần cầu lông Lining"},{"id":3,"child_category":"Quần cầu lông VNB"},{"id":4,"child_category":"Quần Cầu Lông SFD"},{"id":5,"child_category":"Quần cầu lông Donex Pro"},{"id":6,"child_category":"Quần Cầu Lông Apacs"},{"id":7,"child_category":"QUẦN CẦU LÔNG ALIEN AMOUR"},{"id":8,"child_category":"Quần cầu lông Mizuno"},{"id":9,"child_category":"Quần cầu lông Kawasaki"}]}],"orders":[{"id":1,"productId":0,"customerName":"Kira Yoshikage","email":"admin@gmail.com","soluong":5,"timestamp":"20-20-2020"}],"saleoff":[{"id":0,"name":"Áo Cầu Lông Kumpoo KW 1208 Nữ Chính Hãng - Size: S","gia":135000,"sale":"70%","category":"Áo cầu lông Kumpoo","soluong":100},{"id":1,"name":"Vợt Cầu Lông Flypower Mahakam Chính Hãng","gia":800000,"sale":"50%","category":"Vợt cầu lông Flypower Mahakam","soluong":100},{"id":2,"name":"Túi Cầu Lông Yonex Bag 92026 Trắng Vàng - Gia Công","gia":475000,"sale":"50%","category":"Túi cầu lông Yonex","soluong":100},{"id":3,"name":"Giày Cầu Lông Lining AYZR001-1 Chính Hãng - Size: 41","gia":1080000,"sale":"40%","category":"Áo cầu lông Kumpoo","soluong":100},{"id":4,"name":"Áo Cầu Lông Yonex AT2201 Nữ - Đỏ - Size: XL","gia":135000,"sale":"30%","category":"Áo cầu lông Yonex","soluong":100}]}